,age,Weidner_i0,Hannum_i0,PhotoAge
X1001,67,57.9995330921056,67.13475010211,75.04815218569
X1002,89,83.8180562396107,86.16786539993,75.351962147904
X1003,66,68.38801678468,68.95305797553,74.936211095138
X1004,64,69.1022785801826,68.89555924899,75.51672590976
X1005,62,59.7833139674933,67.93252073917,76.080550170093
X1006,87,79.4841287403837,84.22936189224,75.118920738435
X1007,73,64.8864747633405,77.75700467977,74.994830224055
X1008,75,66.6505483676251,76.60311459627,75.914391268088
X1009,73,72.4914069025339,79.89898650186,75.4675171670688
X1010,83,82.5276197906195,82.41801509711,75.122179032157
X1011,82,81.3094820468067,87.21390124453,74.723729080996
X1012,48,48.4185123584399,57.72919253109,74.526551503075
X1013,77,77.4025161175649,81.47749401856,74.920857735897
X1014,54,51.1530262025291,51.99912505004,75.643294579221
X1015,63,69.9529723802535,73.36821447543,73.974138451354
X1016,71,69.9677334088628,74.01701088807,74.36169872585
X1017,68,69.595604703942,73.10503809346,73.38906211676
X1018,80,76.2488175350974,81.86902218573,75.213817307407
X1019,92,91.3798763334089,89.76722483195,74.77755194431
X1020,60,63.6784573326718,61.90937291835,74.717237457885
X1021,79,80.2438352343524,83.98400054397,75.52025086083
X1022,68,60.0367666545797,73.54696096166,75.072709549584
X1023,93,90.5681144448824,97.60760316631,74.011593574806
X1025,84,91.0233502246589,92.43476624887,76.48797810976
X1026,74,72.8473303944593,72.95034517125,75.493933183445
X1027,74,68.6196172379052,81.96608078531,74.615024792455
X1028,76,76.5032241506303,75.72429007195,75.639560386641
X1029,56,61.4058966885623,62.1747142799,74.023401044697
X1030,72,78.7918409678023,75.51048977741,76.174540570251
X1031,75,71.3169528564797,80.79934974899,75.16322405615
X1032,79,82.582657304248,82.21395161299,73.871743183556
X1033,73,75.2733389568592,87.359149236,74.4471776286
X1034,82,79.924209782098,80.40022702443,74.82421510254
X1035,74,77.8603044955757,77.74192301639,74.51097290074
X1036,79,78.6263594942297,85.58467624717,73.618459504772
X1037,54,59.7475109891056,60.85572929326,74.28635773672
X1039,101,86.6593061889117,98.72823642413,74.861278935612
X1040,79,79.2701238158578,86.46868102617,75.582998863924
X1041,84,84.0569586955853,81.46993564026,74.473306342673
X1042,85,76.1008860550339,79.91128763261,75.399549227779
X1043,87,82.088761325711,85.42590693678,74.021456560188
X1044,74,78.9680841943647,81.15469805973,73.717840518259
X1045,77,69.7563519515468,82.31229912664,73.697142241305
X1046,73,67.6046890741464,78.18197758465,75.717411544819
X1047,87,80.8259087604855,90.58030576968,74.341221508667
X1048,85,69.5685175941031,78.86352943704,74.073929849844
X1049,88,86.943991547647,86.5271177029201,74.301724145192
X1050,66,66.3990714987925,68.04046581928,75.053665900797
X1051,78,74.03875300361,78.78070975612,74.651046094876
X1052,53,68.0691103816838,65.48117809599,75.498637753533
X1053,76,75.5413572116206,80.40502931208,75.6577747979
X1054,67,60.384523123928,70.19574900411,74.994135792754
X1055,73,68.9590386147156,78.15342721542,74.382395453314
X1056,54,56.8055969906187,63.87095695736,75.351008298177
X1057,73,76.2029836837545,79.43005516946,75.424675589684
X1058,96,87.6006126914452,99.67795640008,75.27058074965
X1059,57,63.1747074193008,70.48376762087,75.369549321746
X1060,76,82.3367401451935,78.18529845826,75.691866714287
X1061,47,46.0297639043844,48.77277355934,74.508474344315
X1062,54,53.3890140025655,59.31426363328,73.86776173204
X1063,73,72.9739930239162,74.71366778595,74.963719938384
X1064,84,77.0046558242746,84.78745212622,75.6096742478706
X1065,62,62.1704809934212,66.44937252325,74.94186442062
X1066,89,89.5215809059077,93.83647968606,74.5952058087985
X1067,68,61.3461685526866,76.96067546577,73.582088097279
X1068,62,67.1214451752965,67.9223526779,75.12210693918
X1069,79,76.6345954389403,79.08515846516,74.314503309503
X1070,72,66.5656414970869,74.18162692442,74.1751799653415
X1071,69,66.3723551445543,69.23577388075,73.91086850302
X1072,55,46.1168370326385,60.26356476066,73.992673415683
X1074,73,61.6379836319539,71.49753427101,74.210556292847
X1075,79,74.8829860336565,80.78184432472,75.22344185433
X1076,72,72.9659486673062,75.56566737591,73.899529109845
X1077,89,80.1431706070566,85.70494709995,74.48903590738
X1078,79,80.9644949147953,87.33311993398,72.913770294319
X1079,85,81.0822478951765,87.27368685454,73.633489262067
X1080,68,72.5109316640224,69.92661096778,74.541256814092
X1081,89,88.7527793352229,88.58306388473,72.6995633509618
X1082,73,75.5096927490087,80.32772499673,74.65951018297
X1083,63,60.4917764938331,65.49291368832,74.652225690183
X1085,78,79.0390992998776,79.50710757797,74.300234387279
X1086,65,65.202730254921,71.53183989868,75.144222784704
X1087,65,70.6092765575972,71.34929431367,74.48588241878
X1088,89,80.791378064455,90.26523224583,74.340712934646
X1090,85,92.3524758121718,88.18739302591,74.84982613348
X1091,66,58.3854653682987,67.68250133556,73.16882425984
X1092,76,74.1001931596388,83.14544960274,74.676094911323
X1093,74,77.1157004407262,74.838999954,73.0573727774983
X1095,84,79.8785835928226,85.18595335201,74.361669246433
X1096,71,71.5173643249389,75.68901070009,75.69959096357
X2001,49,48.2036862356478,58.88026123587,73.8102811552826
X2002,69,72.6532546464445,76.16027783771,74.433491304051
X2003,63,71.8619149480135,73.78591677983,74.375269857887
X2005,66,73.4014052064124,75.14229628143,73.918545731974
X2006,85,78.7237102549527,85.13837670067,73.87929337486
X2007,76,76.9435474546476,83.94406365775,73.2124452071
X2008,84,83.9508577637792,92.36985335474,73.24620501963
X2009,59,62.7241230807846,64.74665739963,75.326957173607
X2010,70,60.1447849768454,72.61468870584,74.62874513351
X2011,65,67.5329477537804,74.76200073617,73.34296113753
X2012,68,73.9983131449885,76.58878949355,73.863997766947
X2013,84,79.8041936357452,85.95393952182,73.819004547028
X2014,75,84.3050852583233,87.11281150794,74.74451390846
X2017,51,50.1907148609796,58.92310106,74.913571716686
X2018,63,69.7990985051263,71.93286819199,74.467371845245
X2019,69,73.8136806362637,78.44795064413,75.14633709252
X2020,78,86.9942689454307,85.34184055666,75.27896167966
X2021,78,71.7112730373487,84.23730177149,74.234037171858
X2022,52,53.4347619843888,58.08466431255,75.002886370984
X2023,49,57.162887566416,61.35307660192,74.625836234831
X2024,53,60.6261432353039,64.76751963126,74.245271186996
X2025,59,65.1737688511118,65.62745378611,74.932072632198
X2026,62,65.8763353220067,72.70673479047,73.9004422158
X2027,46,50.7466671958823,58.91884466569,75.7653557891654
X2028,68,67.7844180007261,74.70952396835,75.16376658437
X2029,74,72.7238445003244,79.45231681756,74.4159754228178
X2030,59,62.4335627116379,66.18157310183,73.3114313888
X2031,76,73.1677764025802,77.27296612891,75.347624519397
X2032,54,58.9796496450771,62.70766235429,75.371390746373
X2033,59,56.9905004611871,65.18383383489,74.223421094576
X2034,48,55.8408510247607,62.64207507301,74.09475951321
X2035,45,47.4283501246918,54.87264141869,75.20243010813
X2036,62,65.011824577284,71.80407890526,73.352250729234
X2038,63,74.3998318751548,75.61518549784,74.215960933327
X2039,80,74.1754008060023,81.22068369423,74.50898206138
X2040,60,62.2523836318584,73.99340545107,74.043242182804
X2041,71,75.9025008363608,80.22134045413,75.266626993474
X2042,67,68.9273596995415,77.7800909326,74.637768809966
X2043,50,59.9333914357583,61.63119251701,75.18170462959
X2044,86,85.4047384175242,84.48576119397,74.894843861888
X2045,70,80.6065528004729,86.52040455817,73.639760910848
X2046,54,59.4269980632241,61.68275919715,74.970287028298
X2047,69,65.3914547988691,71.35349016929,75.92900752715
X2048,76,77.1949963911862,74.00725884841,75.2114307239766
X2049,58,66.0934031959902,65.80187443894,73.48299626031
X2050,58,64.9398748172039,68.74848028038,74.0040935505662
X2051,64,67.0893899736359,68.82739035961,73.615870598194
X2052,73,77.2651355442672,75.37221150733,74.56419530467
X2053,49,47.6637401400604,55.5606276963,73.62617460668
X2054,56,55.1653083151462,54.62073021027,74.480203811127
X2055,75,76.7822867212029,84.42295999174,73.512258574572
X2056,48,55.4770275324714,62.44373416875,73.966699376724
X2058,81,83.3591323923458,86.27326051426,74.573639264032
X2059,72,64.3897482307341,74.19739281038,74.915006271186
X2060,61,65.1943523552107,69.25581432286,72.578900090492
X2063,50,58.2293682307015,64.11913246527,75.090852070916
X2064,69,62.9949695921746,73.91843542566,75.21875471395
X2065,65,62.7871527472396,73.34521813187,74.57899256505
X2066,47,44.1333970775402,50.72339218715,75.505716763489
X2068,43,52.9188314263087,57.4588481354,73.925101186281
X2069,55,58.2667461485183,59.99205594502,74.694923954552
X2070,54,57.9003493272275,62.48416352246,73.929694056703
X2071,58,63.0716258989531,69.35037975176,73.37057424439
X2072,34,37.9205860202157,45.83271011417,74.936465709206
X2074,65,66.829849637722,69.46901720444,74.522597168071
X2075,52,55.035216447142,57.42276483577,75.573531055084
X2076,32,39.7564512062763,40.06284656095,75.2452577011514
X2077,47,54.191249384433,62.04717691459,73.53560416924
X2078,54,65.9776611453281,67.94604808294,74.847870235695
X2079,63,65.0003805498937,69.02844518033,74.429522204427
X2080,28,36.9849853256525,41.86650054001,73.963152825055
X2081,54,71.8788313131845,81.10511364855,74.536495554183
X2082,59,61.9722869885726,70.71337143667,73.979523861573
X2084,56,58.8012113517992,65.5088162999,74.791697733293
X2085,50,53.0115200846745,61.74215554496,74.022496260772
X2086,30,34.0533291414087,36.92623594776,74.040359201919
X2089,50,50.6482063654218,53.86175639548,75.04983963568
X2090,47,55.1286235282003,53.11230414982,74.379652086431
X2091,47,53.8419602189733,58.77784256081,74.54889779086
X2092,33,38.4011938862066,38.67908289398,75.067259334476
X2093,38,39.9510088155146,51.52409022762,74.383016756635
X2094,35,33.0554753041617,45.97336874753,74.991463258162
X2095,47,55.737978470745,53.95668284373,74.814657174087
X2096,80,83.7856462939883,86.373026868,73.551288985334
X3012,86,79.1936336161639,85.54312564154,74.88571057157
X3013,71,67.9066698614055,70.44861078508,74.52152543358
X3014,77,68.0707151299262,73.55347007722,75.107761916343
X3015,67,69.7508494958353,72.28117892462,74.0510075074726
X3016,84,78.2253042327673,85.07291497325,74.693492413671
X3017,80,80.3787615127272,80.97356061593,76.254183835118
X3021,70,70.243533320742,71.32895561033,74.325940154785
X3022,67,64.5663492128006,76.12822173054,74.083066859244
X3023,63,60.5618625410242,66.37274558034,74.32033273869
X3024,70,75.343915007112,81.06627366657,75.342675908879
X3025,56,69.5740716402495,66.93087589336,75.155260952279
X3026,67,67.393863341422,70.39361064355,75.551730731532
X3027,70,69.011387397711,72.18888785087,74.038284356326
X3028,70,71.4366549145743,69.88860461128,75.724727314514
X3031,74,80.4493127161291,78.23875013683,73.764802639097
X3032,73,71.0630561571741,81.17061405041,72.52366529839
X3033,77,81.6482472420749,82.83628740253,72.887337930509
X3034,80,83.3774311041255,89.08728585022,74.40166824649
X3035,66,75.5263716705021,67.4549151708,74.242124605299
X3036,85,85.097421716289,96.0936176556,72.92823909249
X3037,76,77.8181376782582,83.89558552541,73.886212080157
X3038,78,72.6647962283903,74.72292994682,75.7406230929625
X3040,82,85.8196855343482,87.04282547624,74.95845209778
X3041,76,68.4830212906102,73.99617650859,74.73117599208
X3043,71,68.6003379459502,74.69785226713,74.766239366705
X3046,82,75.4771082153823,80.49906053977,75.080252328312
X3047,83,72.8448753868236,87.48953432415,74.84505608723
X3049,79,75.421386840728,79.97696459646,74.093739399541
X3050,75,73.7741901113428,81.95071289424,74.127222283298
X3051,68,68.2174269460911,77.51908654023,73.518766471432
X3052,64,60.5890754778131,68.20261444223,73.59165657419
X3053,70,70.9361575220465,76.85762008891,71.9012500015
X3056,92,91.4471691958434,95.29551317949,73.33712439864
X3058,74,80.3438372450515,74.8659610211,76.821422351581
X3059,69,71.0905579289325,73.85385360782,73.568017361637
X3060,80,82.6641535717809,82.40124255822,73.585238958451
X3061,63,57.421137432407,62.58789026854,74.161340376499
X3062,77,84.8291296830678,85.98282145223,73.58250637047
X3063,81,80.5348223037146,83.07887164279,76.031355054567
X3064,82,73.5463523737956,82.81559506872,75.10027586904
X3065,69,66.8423617237209,71.08083947111,73.78628320229
X3066,73,71.0906750677573,78.91573970225,74.848697631807
X3067,66,78.2013923929011,76.07740895564,75.190341411011
X3068,87,91.0794277716937,90.38566083674,73.86308240191
X3069,68,67.1286838390603,73.67821854986,73.055870335601
X3070,69,69.5579886400588,74.27260283875,74.79348651039
X3071,76,74.6076851883754,76.72633406678,73.71203946953
X3072,69,71.8472482145301,70.91075585656,74.22064726387
X3073,81,77.2408555916339,88.63201418768,74.414079005619
X3074,71,62.803674423538,70.67088679483,75.528814949299
X3075,71,74.159709420057,74.13024055226,73.986760931818
X3077,75,76.9276553283709,80.18811677238,73.727129136038
X3078,60,57.8171217131055,65.23522682642,73.795418276427
X3079,77,77.4957741105523,79.40352133546,72.39626537579
X3080,85,75.5585843899519,89.7712362741,74.007608955199
X3082,70,67.1787512315726,71.60818155115,75.180790438247
X3083,62,57.3516733692418,62.67066473455,74.766115773069
X3084,69,65.6776255421343,74.61663450847,74.592208275951
X3085,73,73.797269582418,79.918358317194,74.34501034432
X3086,73,71.4947854114256,76.84914634595,74.312633759639
X3087,74,70.4941737511054,79.852764204,73.726123391221
X3088,73,72.5620508326836,77.80839351021,74.834873471955
X3089,86,85.5778966110229,91.36734433477,74.504751424152
X3090,83,76.9880076204692,84.39882732451,72.781961173476
X3091,76,83.1103169200769,83.31835080583,74.199588971379
X3092,75,71.5149390195552,78.84032732945,73.620692159815
X3093,64,60.5015920429694,66.57289721111,74.306570503625
X3094,67,68.0000682214174,67.72461499662,75.420543398429
X3096,88,81.5090987378414,88.3270317597,73.819539766735
X5001,48,52.8586996565209,61.12896439117,74.824039492157
X5002,44,49.0502101627212,51.32499822864,74.016112338745
X5004,48,53.1520907286728,57.75490557781,74.6626424661727
X5005,62,64.563129919048,69.20704595335,75.492334460709
X5006,54,58.4108234935359,63.52832450242,75.338364249463
X5007,46,48.1017455111015,54.66329242539,76.50288617561
X5008,60,61.1952711078206,63.26184438763,75.47265889668
X5009,40,38.3689661146613,52.67715712391,75.00585256816
X5010,43,46.778682784614,52.43605478042,74.357766276247
X5011,41,47.2427778879194,51.01494027256,74.059112070801
X5012,53,51.2589537697865,60.5367060197,74.072789384589
X5013,48,65.7970346740832,62.56130053144,74.562208125283
X5014,71,72.0685402679329,77.29440308847,74.990537174191
X5015,52,58.9018891269887,64.56804475947,75.137227902523
X5016,64,60.7252828257744,72.60242714596,74.7800737439179
X5017,48,45.7708751829848,59.60151817217,75.15612705399
X5018,55,56.8064538589731,60.19016812957,75.696151953201
X5019,68,68.5426402793865,78.89834704712,74.96750225566
X5020,46,49.7157032399949,57.01950868624,75.899098370037
X5021,64,68.1950476602738,71.71428773512,75.383937443865
X5022,57,54.8082429638859,57.54106606764,75.873077570163
X5023,45,51.0060612987789,50.93449932915,76.04575304743
X5024,51,51.9622287723412,60.82447404821,74.42829881861
X5025,53,59.7806496861137,66.18248669388,74.851500591392
X5026,60,65.9870763636593,70.43387536654,74.13941234941
X5027,51,61.130625148349,55.74027916357,74.325785845515
X5028,73,58.9887085811164,77.28894594912,70.643018177265
X5029,38,40.3517220180386,47.46728057424,75.065962245728
X5030,42,61.3361934317117,60.03894279299,73.512163943917
X5032,64,74.3073780905957,76.59409763842,75.2888817493
X5033,58,53.9701211182769,62.28089939933,75.439427457544
X5034,43,43.3312989405717,52.22822673144,75.13712963646
X5035,38,42.4612356625632,49.96868348838,74.280057997262
X5036,54,46.8046136912094,54.31897237814,75.88493401596
X5037,70,69.7273279977785,72.80019924678,73.4186623321
X5038,44,44.6839593464816,51.80278984947,74.34042065885
X5039,62,60.2375010000071,69.27860109798,74.115527550854
X5040,51,49.4531575262616,63.433675786,74.817078899211
X5041,41,44.8813179863916,48.30597924739,74.9574178853101
X5042,53,55.2583235377225,60.02571957249,74.931063963997
X5043,65,65.9790475120696,76.02295963047,75.4359607847519
X5044,50,55.1414069607656,61.18447955656,75.080300700004
X5045,55,55.2124341127664,61.21704898502,76.254551276849
X5046,62,65.6012883614513,69.10993857566,74.0610927981234
X5047,61,50.6855937259726,64.01974497704,74.1876259371554
X5048,38,41.6807797529494,39.77630188545,73.27545240481
X5050,59,60.3086503166422,64.0764510538,74.006614352062
X5051,64,62.5758407381476,73.93934726036,74.575664841471
X5052,57,54.4911113869635,57.40320393088,72.6864640222894
X5053,57,60.9339003000616,62.4311533589,74.6482651771515
X5054,49,42.6132916757785,55.50708761683,74.961074035915
X5055,64,67.6393761907615,70.84380343227,75.040126839309
X5056,66,57.027697667062,55.8919840742,73.888633885423
X5057,52,52.2306337021392,62.36220028141,74.885861878112
X5058,43,48.0125320340784,52.37729926612,72.7211811755632
X5059,49,61.0397670429678,62.13231543497,74.03183967539
X5060,51,57.0266997898786,57.81853021916,73.929765623207
X5061,58,58.0067678334265,68.4307072928,75.14613335132
X5062,63,61.9998568854389,68.58404467467,75.071408599322
X5063,55,59.194947066521,65.80827227382,75.11214587147
X5064,50,59.2536290582844,64.51324014339,74.020294566932
X5065,57,68.8212754936458,70.8538528708,73.938492002828
X5066,33,39.1043592841047,48.18937715973,73.901306854296
X5067,46,48.0943072198216,58.8066257781,73.754779484592
X5068,46,52.0868787520829,58.53864005874,74.70749039362
X5069,66,64.2761076024044,67.00363900981,73.93906426356
X5071,55,48.0220933112771,58.87834562605,73.336827321408
X5072,64,57.4081215392882,60.3226841177,73.63032092126
X5074,46,37.8805361088552,51.69320590886,74.49728147249
X5075,66,62.9779480143457,69.24177449132,75.26393245154
X5076,47,49.5615240511187,51.04111200875,73.755086589319
X5077,58,55.9668443027966,55.2799085382,74.561558598966
X5078,61,51.7987756986633,64.15513913924,74.659835043577
X5080,48,48.5298461953021,55.35753902359,74.71773118867
X5081,45,54.7783433026304,58.39430967589,74.88208641725
X5082,62,60.6989094778596,69.86244865049,74.9924089766188
X5083,50,48.0951779061143,62.15217158689,73.08774505341
X5084,34,32.9338456159945,45.89464822725,72.15738635371
X5085,64,58.1901730793056,69.64904527426,74.4635692310433
X5086,55,54.957271692923,65.37362535885,72.706311001658
X5087,48,53.0335387476358,57.58858165899,74.482932375434
X5088,60,56.0230262263706,60.40363377529,74.455464844055
X5089,64,60.5095361539282,70.70856193959,75.502056049117
X5090,58,61.237244245061,69.48718291712,74.31393333168
X5091,37,44.6660492353662,46.08689804137,74.873610802965
X5092,60,60.7627173053179,68.42769872954,73.3240583056981
X5093,63,66.7732979859957,71.61903891224,74.38096683305
X5094,59,64.584547775276,72.25212096685,75.089706413743
X5095,54,53.162579227408,61.82196541597,74.9265753308
X5096,60,63.6983767799389,67.78656213119,73.979840845602
X6001,51,53.7671235597575,56.70982049791,73.30571911119
X6003,63,61.6141571301861,65.5152555974,74.57300230026
X6004,64,59.2498243462466,61.05498848889,73.08828938399
X6005,64,65.7452250965075,76.80322672374,74.343455626528
X6006,44,51.0149097863061,56.43343693793,74.63456835344
X6007,65,70.004838593212,80.36922692986,72.74039161476
X6008,66,65.8668826041901,68.03803460082,75.631414733909
X6009,51,53.032213876883,61.83588330957,75.375446803433
X6011,61,60.145727528925,62.26604591679,76.326981004321
X6013,52,51.8373366915502,56.64268617992,74.745814642661
X6014,61,57.8078053502149,67.19349127066,75.093523586666
X6015,59,62.1471031803461,64.70250135755,74.912682471768
X6016,57,54.5413985973503,65.42096960522,75.496458637805
X6018,52,46.9954698857185,55.56711255915,74.375008635357
X6019,55,48.5145744855684,56.89810472578,75.125442778277
X6020,59,56.7126943924204,61.53264000746,74.458262981027
X6021,59,52.5402680894524,60.76404148132,74.148137885747
X6022,61,59.556799272836,65.62345735667,75.6928766667409
X6023,46,46.3258209745457,52.61666084885,75.180691715975
X6024,31,33.5730987708437,39.2253775087,73.982249242873
X6025,55,50.5268003799814,58.93609635273,75.932022389919
X6026,53,52.9312866457723,60.45068353409,74.387750752339
X6027,42,41.2028635447478,44.37242852956,75.15898279232
X6028,59,60.2109488665827,69.6487976134,76.888361914301
X6029,50,45.4270932731083,55.42269424774,75.30600603856
X6030,52,56.9389077567827,59.34110913997,75.1953512011
X6031,45,48.5434830054103,47.83900001927,74.707504721522
X6032,65,58.2172019338411,61.20053034818,74.786592123465
X6033,59,52.0170683813588,64.58514543341,75.429541054058
X6034,58,57.8562454652608,60.86903531808,75.20974501074
X6035,64,67.7607356566293,68.03574445765,74.695181831614
X6036,61,60.9467495056116,62.06845211325,73.92597286106
X6037,67,69.4734354954193,66.61660824932,74.4122846521
X6038,59,57.6078587583997,59.83412747685,74.642402258921
X6039,58,48.7815334592767,60.79487981745,73.750505813001
X6040,54,53.4278547145627,52.85693580153,75.189983434163
X6041,57,49.9459804996042,57.56259485435,75.310705615468
X6042,60,55.3227458625382,58.61707237437,74.25985705525
X6043,50,53.6196338867061,55.09345645214,75.294775585264
X6044,57,60.0490203487087,59.31603829567,76.000864552022
X6045,66,65.4321003516711,67.49427046413,74.90628403926
X6046,44,44.3484477496986,51.69734707691,74.742968565345
X6047,62,53.8154531708919,69.38303911977,76.282474792189
X6048,76,78.4720142070544,66.68324494032,73.91826560121
X6049,48,45.6336216968355,56.33857621979,73.591385061471
X6050,46,48.4386160376323,51.92045090028,74.744209628758
X6051,41,39.0523441178217,50.08281087056,75.308703577434
X6052,59,60.8681228555512,62.92963144173,72.9075085024664
X6053,52,57.6718128837782,57.25205995687,75.165061105188
X6054,50,50.1616533687288,53.1419333239,73.482726966785
X6055,45,41.4963920582105,49.01087182971,74.62751731978
X6056,52,54.5748631089037,61.45605450988,73.09342111272
X6057,54,53.8335584974434,62.81310615262,73.960335372648
X6058,62,63.6923793861854,65.0647304355,73.61192096331
X6059,62,61.6355532011421,60.91645712095,73.66225151557
X6060,63,56.9818973841831,70.53619074361,73.42684958594
X6061,55,54.4750077223533,65.41137005685,73.44888121645
X6062,60,61.9825577588796,65.81206298654,74.469823122594
X6063,65,65.5818340516902,60.06034761608,72.98723047573
X6064,64,60.8717014961534,64.19206189953,72.978889643929
X6065,57,54.8207358419019,68.91822996778,74.296911379057
X6066,63,61.84035141964,68.33811771001,74.27047444926
X6067,40,47.2866439717051,52.64357230824,74.41977448068
X6068,57,54.8117604616845,56.19312803911,74.240307813311
X6069,38,41.4078597556983,47.90431623754,74.761550516404
X6070,64,66.8075204473233,67.11314003525,74.61720064587
X6071,59,55.0544700185766,59.5849525325,73.0527971856813
X6072,58,70.5842728669875,67.51241200218,73.458915686696
X6073,41,45.7606272410699,47.13965632089,74.181022713158
X6074,58,61.8089220590163,64.72252609156,73.91504849653
X6075,26,28.1772495081589,37.88625875252,73.78257914081
X6076,61,61.9526917538993,60.04679918055,73.8700782655
X6077,56,66.0466042206378,64.60579465004,74.78979457179
X6078,66,64.6621851341348,69.23331284356,73.793741687426
X6079,62,59.5784290771209,67.4846351093,74.064870461836
X6080,56,54.7973122138693,65.84699497745,74.09390127924
X6081,55,53.8168420822142,59.21143801004,73.4497443885833
X6082,61,57.764693380124,59.56725529656,74.240471960554
X6083,58,59.4949117839818,65.54315926313,73.568474271445
X6084,53,55.1982494696219,64.95756101243,73.87237230226
X6085,63,65.0770834763215,70.46145143749,74.417668646498
X6086,59,50.1664659909586,61.42172773189,74.376802355829
X6087,61,62.1753217332301,64.9630104609,74.6125156814451
X6088,66,65.6508883114615,66.78294522332,73.516527367406
X6089,65,60.8524345542386,64.80106265234,73.46669844941
X6090,58,62.8145009715821,64.95428850422,73.67755225944
X6091,43,39.0115258604282,46.99896460873,75.249215079069
X6092,55,53.5676597422843,57.2713521906,75.661625729865
X6093,47,47.6911634424856,55.24756010038,73.827860693705
X6094,50,57.257341878829,63.90130395395,74.5349334491359
X6095,46,44.4606004546602,54.76801878604,73.748058866145
X6096,54,50.1047974682549,52.37474681263,74.40913678174
X8001,80,77.6029745161331,80.48108873946,74.387084531861
X8002,83,75.894058526239,82.10977630273,73.85432278912
X8003,77,77.7010471610161,83.04685414113,73.3622049777297
X8004,76,69.5048934697535,75.90427969816,74.856050999969
X8007,64,61.9414544253829,64.58542223553,75.24478439235
X8008,70,68.3040714465617,77.45972087862,73.676822015856
X8009,82,75.1048613105735,79.71058625898,74.62154447302
X8010,58,52.3039389965839,62.61429024293,74.929375901963
X8012,66,67.3536679654689,65.77594131276,74.26606216786
X8013,85,79.2735410957227,79.1760922752,74.817098039469
X8014,66,71.0596571119492,75.9386106912,74.748867277252
X8015,69,74.8934507406632,72.96854563652,74.049344703807
X8016,84,72.3237404597026,77.04568545817,74.40792480875
X8017,79,77.5683962247366,78.83694315844,73.328078472622
X8018,64,58.1679724768454,64.73217264434,71.833303966621
X8019,78,82.5962833997162,81.94439655417,73.9721924946199
X8020,53,58.724883843813,61.6983775589,72.82959216839
X8021,59,53.9770053837611,57.85079870186,76.22563740489
X8022,65,65.0393237192163,70.04166752018,75.39954535257
X8023,61,58.7495525011837,64.24341835144,73.5545339294254
X8024,58,51.5834449407827,58.40655341912,73.938126857445
X8025,69,63.6492342603837,67.25471129022,74.01749829921
X8026,60,63.64259284913,63.80199850532,74.6127945471407
X8027,65,64.167535466455,66.74312358511,74.428168247068
X8028,89,87.2113181259685,85.20368466423,74.63475789583
X8029,74,68.8876113302331,71.31715432114,74.710147307546
X8031,81,86.3144570938056,88.67858581895,72.91956930848
X8032,68,68.475817782849,68.39404989262,74.311765294274
X8033,68,67.8238076333901,63.62523055485,74.314013687333
X8034,65,72.2961071976452,71.50704685817,75.110943778783
X8035,90,89.99474320461,91.13271716864,74.449305655115
X8036,66,68.6733529508349,72.56062313341,74.805149373918
X8037,79,73.8331730451592,80.59609522652,72.8745936451
X8038,57,51.8476545567918,56.67027083776,75.24513510566
X8039,76,76.3472737296715,77.395830497,73.585543940489
X8040,79,80.6953263546701,82.90162268981,74.76080295774
X8041,49,45.0720524416157,54.16498792757,73.65653557412
X8043,92,89.1265400199546,94.36647041397,73.33650779949
X8044,66,61.007650645515,66.18044563072,74.27385989164
X8045,59,58.8333335218776,61.70797634817,73.49310301592
X8046,76,59.7755937745944,68.92184818666,74.153002088
X8047,56,57.0524378080818,54.76796043029,74.62051195366
X8049,52,61.3985631112615,59.97938950988,73.65311937376
X8050,65,64.1405194673466,66.57279692487,74.63941425894
X8051,73,68.1617277732423,74.68055737697,74.905209917
X8053,65,60.2954140410268,69.5210365736,74.710532686919
X8054,84,81.9229856993896,86.96153426222,74.876883922694
X8055,51,50.915716611393,55.62684872247,73.200088417626
X8056,78,80.8941075815527,79.69930832517,73.99688574769
X8057,53,55.3235675964794,65.26681031075,73.5420250019
X8059,68,74.0832042594133,77.99119869533,76.032018575961
X8060,52,53.313902159249,55.47196350028,73.388879318813
X8061,72,64.3664018103043,68.92188219964,74.27099847226
X8062,48,50.1900209153443,56.39746300427,74.751449896936
X8063,60,57.934702956344,60.55097245317,75.08105261604
X8064,61,73.7106820792053,73.90111995666,76.045960691856
X8065,69,69.7123916317441,72.4326362853,74.693589987097
X8066,81,79.0134831076633,77.02917552109,72.40219763202
X8067,56,56.8583202125733,58.07177084589,76.67973492324
X8068,79,74.5741063222563,71.70865687353,75.2479265758
X8069,82,80.2884976746154,87.71652488108,73.990287223553
X8070,58,51.0831824520847,60.11070257378,74.771590755909
X8071,75,71.9159825428199,74.1089080695,74.62393135934
X8072,78,73.5989822092048,78.5374856272,74.18300818042
X8076,57,54.7967612911919,58.67271697783,75.518718155048
X8077,70,70.0471524507053,75.95245644181,74.027981357449
X8078,77,77.8360466691666,79.50764689608,75.834157771399
X8080,56,56.975932085573,61.22887839963,74.225062844885
X8081,67,67.3055554196638,65.76464473194,75.283919685887
X8082,76,70.6008436420719,79.52510570028,74.5949517952753
X8083,89,79.1488761119311,86.96676565422,74.7844723278
X8084,69,65.9174406022445,70.52329579434,74.050467431685
X8085,79,68.0284248688372,77.29980445515,74.349326095214
X8086,80,72.8951329444199,79.89785478077,74.808463029205
X8087,76,77.1027281768059,79.12348889885,74.281439846738
X8088,48,49.6303341871922,48.05840419625,74.988307304598
X8089,61,55.2984096354322,60.37246805584,73.62540898079
X8090,52,51.7598974578318,57.32709157062,73.423767450573
X8092,69,70.3834494291417,76.67641130327,74.509628535671
X8093,41,45.9326707550741,50.27905880204,75.282351183656
X8094,69,71.8229912883853,72.6107474137,74.630206289133
X9001,65,65.2734040956725,71.18755435613,75.380995793953
X9002,45,52.1591216023473,53.89268637678,74.636366487369
X9003,66,36.3508650954894,48.04623894667,74.886299077771
X9004,76,72.9409131924265,76.57307626766,73.834568539491
X9005,76,78.787590974823,73.16213812522,75.01068062751
X9006,45,45.9304026966885,49.37429463493,73.96726182201
X9007,71,72.6785279674883,79.99180491634,71.086157078311
X9009,52,46.1608355676327,51.93073461501,74.72944985434
X9011,84,84.5466840273305,86.76887783536,74.949117277066
X9012,57,53.5124489215727,63.04847889439,74.159589882368
X9013,68,74.9744966450726,73.70359299738,75.78871968779
X9014,74,67.5926460915862,74.23767820156,73.934052693387
X9015,33,33.6581132114331,38.93724528397,73.991994010449
X9018,68,62.8578829757443,73.2994268093,73.992107049975
X9019,73,70.9004433560241,76.18202942442,73.896295661519
X9020,79,76.7125958915001,80.88390734381,74.100502386708
X9021,72,77.3803771670691,83.75865927448,74.117242203093
X9022,78,81.7361621474813,82.46952594979,74.42053793669
X9023,68,69.3553159386487,74.80011313846,73.36207324366
X9024,52,55.2987061250029,61.74202830346,75.600150087376
X9025,64,57.401213203328,65.45075102272,73.467048664388
X9026,27,30.9857899650832,37.46120795188,74.58248393778
X9027,29,31.7901031279854,34.06449529251,73.853546445027
X9028,44,46.3343915108205,55.59370673825,74.816705468387
X9030,41,40.4162594403748,50.31635902536,73.749086898796
X9031,45,46.4072660613908,52.53371956403,73.661397306113
X9032,27,24.0002244419032,36.57375777317,73.37032130409
X9033,48,54.2896119236865,56.27204565373,75.021963566565
X9034,56,50.8704974500954,59.0987720569,74.962597837474
X9035,34,41.0777466333316,40.14545766944,74.35114087
X9036,69,66.6849404905046,70.07989253411,72.878029225927
X9037,56,58.9086992330425,60.9621874629,73.68467456622
X9039,47,44.5537454667124,53.93021373117,70.82508004873
X9040,56,62.9819549459628,57.6201316144,74.692486731184
X9041,60,69.4464171730547,65.5291431039,74.582100836438
X9042,75,69.3741704966459,78.1922833108,73.86491442826
X9043,60,66.9753456348381,63.1035765451,73.85426874858
X9044,47,47.0789092086729,53.31566915706,73.68837228138
X9045,55,56.548673211639,62.55242571867,73.85266660832
X9048,32,27.6517530989066,36.33236402775,74.21905268189
X9058,23,21.3055319008249,26.84465997508,73.96191473488
X9084,43,48.2573767493745,44.45238688411,73.735117775622
X9085,47,47.6382946489568,51.07337272257,73.344641514885
X9086,44,47.1551194749076,55.19042717792,74.887596542121
X9087,37,44.4289230270686,46.299119237,74.961173129271
X9089,27,32.5177491872582,35.3340691546,73.909794395999
X9090,69,62.7315755573577,68.45624520228,74.070512342238
X9091,28,29.3416395525679,37.79017362051,74.155600510373
X10001,51,51.0476418345403,51.29041018449,74.682314809268
X10004,57,58.6519661887875,58.27582694735,74.452886276184
X10008,19,15.9864632863191,20.05299047835,74.371690030445
X10011,44,38.9206458911125,49.75734539156,75.45796979771
X10017,49,57.867701981684,56.29049401899,75.815682621927
X10019,34,33.5716222355165,40.40279808632,75.048600539593
X10020,44,44.3865876272781,46.24040590733,75.002259890911
X10021,62,58.4807576416628,71.60761251579,76.230395314968
X10033,30,30.4005719971782,37.70327327434,75.057913290219
X10034,49,53.0295636020378,58.36436591455,75.302052255176
X10036,36,38.521626062308,46.328626789084,72.737452864199
X10038,25,22.3368529281443,32.35566392655,75.252074764784
X10040,36,38.09852953215,45.14840153598,75.452940640557
X10041,21,22.3167927549248,26.93945495023,75.4349093029
X10044,40,48.8937697851769,46.93986236495,75.93729084939
X10046,22,20.2880841687495,26.51861748199,77.65148693381
X10047,36,32.8203769469831,36.55461052222,75.068913037396
X11002,58,62.8114133183337,64.2556513863,72.816128452355
X11005,83,76.6220543710704,82.89672419335,74.677274131356
X11006,69,71.1932806590516,72.94261239871,71.912715126526
X11007,89,82.7382741100981,86.55151542674,74.471554255831
X11008,89,81.685357961093,86.5568551267201,74.27985818422
X11009,66,64.2818725249072,66.42337994869,75.26166744067
X11010,55,51.5110688716049,63.77285050413,74.7916044126933
X11011,82,69.2644937335093,79.49116449507,75.259752505866
X11012,73,69.4160681470032,80.03348425483,75.2709866800768
X11013,77,79.531159912105,82.42419680855,75.58702318899
X11014,80,77.6022814427457,86.95926653195,74.509316064018
X11015,79,67.5554402149804,72.20918378251,74.673509280084
X11016,73,62.0065743796442,74.15116649646,74.20228465527
X11017,82,77.6930895416766,78.4309157211,74.564726443724
X11018,85,82.8361432816001,86.08459602093,72.435420213482
X11019,91,90.8153284588554,91.90256189757,74.6088957799769
X11020,85,77.4097348505748,87.61103220054,75.030279503668
X11021,86,74.9002709018781,91.94290556554,73.865044944651
X11022,74,77.4891050099373,81.22946246699,74.561302653859
X11024,90,79.6305981697618,90.34787871902,74.0990359129048
X11025,87,84.2706137845932,88.04602273563,76.50202310507
X11026,76,70.7420402013438,80.43105850782,74.54951301681
X11027,81,74.5137898005308,77.6905618949,71.922800339786
X11028,59,58.4041242185062,64.41618707033,74.154836869961
X11029,73,69.2158923427917,71.88856530031,75.22950733122
X11030,76,69.1553887976726,76.50933030285,73.537747897174
X11031,85,87.5688811666905,88.98339468204,75.024271208308
X11032,69,68.7398428411434,70.18860007811,75.94057374014
X11033,85,83.209419159681,87.19103035006,74.533123508521
X11034,85,88.7141266605206,87.9187327601,74.328476792026
X11035,84,82.8644505759615,88.70424827962,74.752455111205
X11036,83,67.5220481217344,76.99736318365,73.06925426041
X11037,67,68.9084420885827,66.56560781036,74.01163725414
X11038,85,80.9211611426124,84.9226471425,76.369962224334
X11039,76,82.0913527360335,84.09268876041,73.624673788387
X11040,87,82.7595608866336,93.28388346765,75.394968815741
X11042,84,81.881530274072,87.17930627163,73.077462202422
X11043,82,84.0785648634166,82.87142609219,72.7424152184954
X11044,93,84.6036005695504,92.37127072824,73.839517008628
X11045,71,71.4536366331058,78.31015667526,74.552486746577
X11046,80,76.7074942400289,77.10508568813,73.29367111609
X11047,88,90.5033696791432,88.20648066312,72.430425044032
X11048,72,71.9662288112777,73.39203044895,72.4543771271849
X11049,77,70.7576355744319,76.29077746989,74.779427862734
X11050,56,48.87666166569,52.9218287869,75.253891860481
X11051,92,92.4671177737999,90.76497867018,75.102967960261
X11052,78,79.6259211590942,86.70642525644,74.193747534072
X11053,71,69.4826928992482,70.36613764414,73.84064632279
X11054,89,72.9575703247555,71.89414053415,73.830483264504
X11055,54,46.2698349782832,53.78240735582,74.486208652962
X11056,66,69.2279607702299,73.47544706788,74.10512489931
X11057,75,77.4689779755337,79.01343668567,75.271734899932
X11058,90,79.1362685180991,91.2731846555,74.278337158748
X11061,66,59.5102868675815,66.84193946499,74.345460759122
X11062,77,74.1277696475153,80.05327429318,73.626832809785
X11063,82,77.40411723025,83.16437301586,74.74849883843
X11064,65,71.7544113510579,74.09905753768,73.999114796209
X11065,58,60.1778779637264,63.77859761246,73.230100060625
X11066,75,75.9586289081927,82.03075633035,73.6955377085853
X11067,88,80.6284995093359,87.91238234109,74.817488322348
X11068,74,66.1610777434095,74.15255806175,74.920894369337
X11069,69,71.7814965530243,74.17629893107,73.767083452171
X11070,83,79.8668077171058,87.15782379319,74.176705265724
X11071,83,91.2501523537111,89.24268773827,75.35172776039
X11073,70,73.2743803677786,77.43567598428,76.368626669573
X11075,64,71.3111302407323,70.06288794771,75.008500961301
X11076,50,58.0786505092406,57.27889421048,76.4989980869
X11077,74,79.9383634141241,86.44563301773,72.404830880252
X11078,69,75.2333218014121,69.24953544618,74.69206090711
X11079,86,86.7287042551194,90.66299081274,73.162548768799
X11080,66,67.6550464307611,65.80964167243,75.336573358869
X11081,70,75.4136191242058,69.59186123025,74.56961492107
X11082,89,81.3606322812266,91.77898234948,74.570579294916
X11083,78,83.4087797293297,74.41058069584,74.686843874237
X11084,69,69.5737660304213,74.06232728959,73.85261137629
X11085,64,66.9455767837546,70.20178326418,75.085410748559
X11086,79,73.5221082787961,75.87059696668,74.554597513359
X11087,92,83.8360342422689,86.62805613145,74.6100054073284
X11089,70,75.2878255202325,71.43150280675,75.460585773147
X11090,77,79.2561990607946,76.99475152659,73.07238949785
X11092,78,78.5917672826376,79.83472272974,75.262669236197
X11093,71,71.7101093738125,76.03638926029,73.571397693815
X11094,68,66.5665705235021,67.84580142486,74.16204710432
X11095,61,56.6898253013727,65.59045825999,72.89191012685
X11096,73,77.1511336307823,80.63349702263,72.172163788026
